phase,task,model_version,model,format,camera,gt_camera,metric_median,metric_p95,metric_mean,precision,recall,f1,n_faux_positifs,far_per_hour,fps,latency_mean_ms,alerts_duplicated,global_id_switches,source_csv
phase2,tad,,yolo11s,fp32_engine,cam_02,,5.52,427.04,91.862,0.1765,0.6429,0.2769,42,252.62,71.6,14.0,,,Phase_3_Fusion_MultiCam\reports\campaign_zone1_20260511_091303\phase2\tad\V2_fp32_engine\cam_02\yolo11s\tad_cam_02_20260506_131002_Camera_2_2.3_20260506_131002_engine.csv
phase2,tad,,yolov8n,fp32_engine,cam_02,,58.52,108.488,50.747,0.375,0.6429,0.4737,15,90.22,84.4,11.9,,,Phase_3_Fusion_MultiCam\reports\campaign_zone1_20260511_091303\phase2\tad\V2_fp32_engine\cam_02\yolov8n\tad_cam_02_20260506_131002_Camera_2_2.3_20260506_131002_engine.csv
phase2,tad,,yolov8s,fp32_engine,cam_02,,6.36,81.04,23.24,0.2683,0.7857,0.4,30,180.45,109.7,9.1,,,Phase_3_Fusion_MultiCam\reports\campaign_zone1_20260511_091303\phase2\tad\V2_fp32_engine\cam_02\yolov8s\tad_cam_02_20260506_131002_Camera_2_2.3_20260506_131002_engine.csv
phase2,tad,,yolo11s,fp32_engine,cam_03,,0.44,175.672,44.52,0.5,0.5556,0.5263,5,30.07,79.5,12.6,,,Phase_3_Fusion_MultiCam\reports\campaign_zone1_20260511_091303\phase2\tad\V2_fp32_engine\cam_03\yolo11s\tad_cam_03_20260506_131002_Camera_3_2.4_20260506_131002_engine.csv
phase2,tad,,yolov8n,fp32_engine,cam_03,,0.44,1.52,0.707,0.5,0.3333,0.4,3,18.04,123.7,8.1,,,Phase_3_Fusion_MultiCam\reports\campaign_zone1_20260511_091303\phase2\tad\V2_fp32_engine\cam_03\yolov8n\tad_cam_03_20260506_131002_Camera_3_2.4_20260506_131002_engine.csv
phase2,tad,,yolov8s,fp32_engine,cam_03,,0.44,62.984,16.096,0.5,0.5556,0.5263,5,30.07,113.3,8.8,,,Phase_3_Fusion_MultiCam\reports\campaign_zone1_20260511_091303\phase2\tad\V2_fp32_engine\cam_03\yolov8s\tad_cam_03_20260506_131002_Camera_3_2.4_20260506_131002_engine.csv
phase2,tad,,yolo11s,fp32_engine,cam_05,,4.76,185.384,42.683,0.3514,0.9286,0.5098,24,144.36,74.0,13.5,,,Phase_3_Fusion_MultiCam\reports\campaign_zone1_20260511_091303\phase2\tad\V2_fp32_engine\cam_05\yolo11s\tad_cam_05_20260506_131002_Camera_5_2.6_20260506_131002_engine.csv
phase2,tad,,yolov8n,fp32_engine,cam_05,,3.78,93.498,30.763,0.3871,0.8571,0.5333,19,114.28,112.9,8.9,,,Phase_3_Fusion_MultiCam\reports\campaign_zone1_20260511_091303\phase2\tad\V2_fp32_engine\cam_05\yolov8n\tad_cam_05_20260506_131002_Camera_5_2.6_20260506_131002_engine.csv
phase2,tad,,yolov8s,fp32_engine,cam_05,,5.16,326.032,90.609,0.4815,0.9286,0.6341,14,84.21,113.2,8.8,,,Phase_3_Fusion_MultiCam\reports\campaign_zone1_20260511_091303\phase2\tad\V2_fp32_engine\cam_05\yolov8s\tad_cam_05_20260506_131002_Camera_5_2.6_20260506_131002_engine.csv
phase2,tad,,yolo11s,fp32_engine,cam_07,,2.26,63.82,14.048,0.3125,0.8333,0.4545,22,132.33,66.1,15.1,,,Phase_3_Fusion_MultiCam\reports\campaign_zone1_20260511_091303\phase2\tad\V2_fp32_engine\cam_07\yolo11s\tad_cam_07_20260506_131002_Camera_7_2.11_20260506_131002_engine.csv
phase2,tad,,yolov8n,fp32_engine,cam_07,,10.76,252.384,58.724,0.2368,0.75,0.36,29,174.43,109.1,9.2,,,Phase_3_Fusion_MultiCam\reports\campaign_zone1_20260511_091303\phase2\tad\V2_fp32_engine\cam_07\yolov8n\tad_cam_07_20260506_131002_Camera_7_2.11_20260506_131002_engine.csv
phase2,tad,,yolov8s,fp32_engine,cam_07,,2.74,163.442,32.604,0.303,0.8333,0.4444,23,138.34,108.3,9.2,,,Phase_3_Fusion_MultiCam\reports\campaign_zone1_20260511_091303\phase2\tad\V2_fp32_engine\cam_07\yolov8s\tad_cam_07_20260506_131002_Camera_7_2.11_20260506_131002_engine.csv
phase2,tad,,rtdetr-l,pt,cam_02,,3.86,61.81,13.891,0.4667,1.0,0.6364,16,96.24,18.9,53.0,,,Phase_3_Fusion_MultiCam\reports\campaign_zone1_20260511_091303\phase2\tad\V2_pt\cam_02\rtdetr-l\tad_cam_02_20260506_131002_Camera_2_2.3_20260506_131002_pt.csv
phase2,tad,,yolo11s,pt,cam_02,,4.52,163.554,34.005,0.1481,0.5714,0.2353,46,276.68,36.8,27.2,,,Phase_3_Fusion_MultiCam\reports\campaign_zone1_20260511_091303\phase2\tad\V2_pt\cam_02\yolo11s\tad_cam_02_20260506_131002_Camera_2_2.3_20260506_131002_pt.csv
phase2,tad,,yolov8n,pt,cam_02,,9.7,81.554,27.132,0.3571,0.7143,0.4762,18,108.27,3.5,285.8,,,Phase_3_Fusion_MultiCam\reports\campaign_zone1_20260511_091303\phase2\tad\V2_pt\cam_02\yolov8n\tad_cam_02_20260506_131002_Camera_2_2.3_20260506_131002_pt.csv
phase2,tad,,yolov8s,pt,cam_02,,4.12,69.06,15.804,0.2683,0.7857,0.4,30,180.45,69.4,14.4,,,Phase_3_Fusion_MultiCam\reports\campaign_zone1_20260511_091303\phase2\tad\V2_pt\cam_02\yolov8s\tad_cam_02_20260506_131002_Camera_2_2.3_20260506_131002_pt.csv
phase2,tad,,rtdetr-l,pt,cam_03,,0.88,59.264,13.142,0.2,1.0,0.3333,36,216.53,20.1,49.7,,,Phase_3_Fusion_MultiCam\reports\campaign_zone1_20260511_091303\phase2\tad\V2_pt\cam_03\rtdetr-l\tad_cam_03_20260506_131002_Camera_3_2.4_20260506_131002_pt.csv
phase2,tad,,yolo11s,pt,cam_03,,0.42,2.48,0.93,0.4444,0.4444,0.4444,5,30.07,38.2,26.2,,,Phase_3_Fusion_MultiCam\reports\campaign_zone1_20260511_091303\phase2\tad\V2_pt\cam_03\yolo11s\tad_cam_03_20260506_131002_Camera_3_2.4_20260506_131002_pt.csv
phase2,tad,,yolov8n,pt,cam_03,,0.44,1.52,0.707,0.4286,0.3333,0.375,4,24.06,46.2,21.7,,,Phase_3_Fusion_MultiCam\reports\campaign_zone1_20260511_091303\phase2\tad\V2_pt\cam_03\yolov8n\tad_cam_03_20260506_131002_Camera_3_2.4_20260506_131002_pt.csv
phase2,tad,,yolov8s,pt,cam_03,,0.44,62.984,16.096,0.5556,0.5556,0.5556,4,24.06,73.7,13.6,,,Phase_3_Fusion_MultiCam\reports\campaign_zone1_20260511_091303\phase2\tad\V2_pt\cam_03\yolov8s\tad_cam_03_20260506_131002_Camera_3_2.4_20260506_131002_pt.csv
phase2,tad,,rtdetr-l,pt,cam_05,,2.08,154.484,30.374,0.3043,1.0,0.4667,32,192.47,18.7,53.5,,,Phase_3_Fusion_MultiCam\reports\campaign_zone1_20260511_091303\phase2\tad\V2_pt\cam_05\rtdetr-l\tad_cam_05_20260506_131002_Camera_5_2.6_20260506_131002_pt.csv
phase2,tad,,yolo11s,pt,cam_05,,4.76,100.024,21.206,0.3171,0.9286,0.4727,28,168.42,37.4,26.7,,,Phase_3_Fusion_MultiCam\reports\campaign_zone1_20260511_091303\phase2\tad\V2_pt\cam_05\yolo11s\tad_cam_05_20260506_131002_Camera_5_2.6_20260506_131002_pt.csv
phase2,tad,,yolov8n,pt,cam_05,,3.78,234.192,57.213,0.4286,0.8571,0.5714,16,96.24,43.0,23.2,,,Phase_3_Fusion_MultiCam\reports\campaign_zone1_20260511_091303\phase2\tad\V2_pt\cam_05\yolov8n\tad_cam_05_20260506_131002_Camera_5_2.6_20260506_131002_pt.csv
phase2,tad,,yolov8s,pt,cam_05,,4.78,326.436,92.78,0.48,0.8571,0.6154,13,78.19,74.8,13.4,,,Phase_3_Fusion_MultiCam\reports\campaign_zone1_20260511_091303\phase2\tad\V2_pt\cam_05\yolov8s\tad_cam_05_20260506_131002_Camera_5_2.6_20260506_131002_pt.csv
phase2,tad,,rtdetr-l,pt,cam_07,,1.1,10.122,3.62,0.3529,1.0,0.5217,22,132.33,16.4,60.9,,,Phase_3_Fusion_MultiCam\reports\campaign_zone1_20260511_091303\phase2\tad\V2_pt\cam_07\rtdetr-l\tad_cam_07_20260506_131002_Camera_7_2.11_20260506_131002_pt.csv
phase2,tad,,yolo11s,pt,cam_07,,2.26,63.73,14.028,0.25,0.8333,0.3846,30,180.45,2.5,402.8,,,Phase_3_Fusion_MultiCam\reports\campaign_zone1_20260511_091303\phase2\tad\V2_pt\cam_07\yolo11s\tad_cam_07_20260506_131002_Camera_7_2.11_20260506_131002_pt.csv
phase2,tad,,yolov8n,pt,cam_07,,2.46,196.206,40.545,0.2857,0.6667,0.4,20,120.3,42.6,23.5,,,Phase_3_Fusion_MultiCam\reports\campaign_zone1_20260511_091303\phase2\tad\V2_pt\cam_07\yolov8n\tad_cam_07_20260506_131002_Camera_7_2.11_20260506_131002_pt.csv
phase2,tad,,yolov8s,pt,cam_07,,2.32,185.852,37.284,0.303,0.8333,0.4444,23,138.34,73.9,13.5,,,Phase_3_Fusion_MultiCam\reports\campaign_zone1_20260511_091303\phase2\tad\V2_pt\cam_07\yolov8s\tad_cam_07_20260506_131002_Camera_7_2.11_20260506_131002_pt.csv
phase2,tad,,yolo11s,fp32_engine,cam_02,,5.36,100.16,26.611,0.2444,0.7857,0.3729,34,204.5,99.2,10.1,,,Phase_3_Fusion_MultiCam\reports\campaign_zone1_20260511_091303\phase2\tad\V3_fp32_engine\cam_02\yolo11s\tad_cam_02_20260506_131002_Camera_2_2.3_20260506_131002_engine.csv
phase2,tad,,yolov8n,fp32_engine,cam_02,,2.32,201.804,43.286,0.2333,0.5,0.3182,23,138.34,122.7,8.2,,,Phase_3_Fusion_MultiCam\reports\campaign_zone1_20260511_091303\phase2\tad\V3_fp32_engine\cam_02\yolov8n\tad_cam_02_20260506_131002_Camera_2_2.3_20260506_131002_engine.csv
phase2,tad,,yolov8s,fp32_engine,cam_02,,5.74,244.048,57.344,0.3333,0.7143,0.4545,20,120.3,112.2,8.9,,,Phase_3_Fusion_MultiCam\reports\campaign_zone1_20260511_091303\phase2\tad\V3_fp32_engine\cam_02\yolov8s\tad_cam_02_20260506_131002_Camera_2_2.3_20260506_131002_engine.csv
phase2,tad,,yolo11s,fp32_engine,cam_03,,0.64,2.472,1.0,0.625,0.5556,0.5882,3,18.04,111.1,9.0,,,Phase_3_Fusion_MultiCam\reports\campaign_zone1_20260511_091303\phase2\tad\V3_fp32_engine\cam_03\yolo11s\tad_cam_03_20260506_131002_Camera_3_2.4_20260506_131002_engine.csv
phase2,tad,,yolov8n,fp32_engine,cam_03,,1.16,94.8,24.616,0.5,0.5556,0.5263,5,30.07,125.7,8.0,,,Phase_3_Fusion_MultiCam\reports\campaign_zone1_20260511_091303\phase2\tad\V3_fp32_engine\cam_03\yolov8n\tad_cam_03_20260506_131002_Camera_3_2.4_20260506_131002_engine.csv
phase2,tad,,yolov8s,fp32_engine,cam_03,,1.34,3.58,1.627,0.75,0.6667,0.7059,2,12.03,114.7,8.7,,,Phase_3_Fusion_MultiCam\reports\campaign_zone1_20260511_091303\phase2\tad\V3_fp32_engine\cam_03\yolov8s\tad_cam_03_20260506_131002_Camera_3_2.4_20260506_131002_engine.csv
phase2,tad,,yolo11s,fp32_engine,cam_05,,1.66,52.796,12.833,0.3871,0.8571,0.5333,19,114.28,108.7,9.2,,,Phase_3_Fusion_MultiCam\reports\campaign_zone1_20260511_091303\phase2\tad\V3_fp32_engine\cam_05\yolo11s\tad_cam_05_20260506_131002_Camera_5_2.6_20260506_131002_engine.csv
phase2,tad,,yolov8n,fp32_engine,cam_05,,1.66,119.83,28.1,0.3529,0.8571,0.5,22,132.33,122.8,8.1,,,Phase_3_Fusion_MultiCam\reports\campaign_zone1_20260511_091303\phase2\tad\V3_fp32_engine\cam_05\yolov8n\tad_cam_05_20260506_131002_Camera_5_2.6_20260506_131002_engine.csv
phase2,tad,,yolov8s,fp32_engine,cam_05,,3.2,74.376,18.123,0.4643,0.9286,0.619,15,90.22,112.7,8.9,,,Phase_3_Fusion_MultiCam\reports\campaign_zone1_20260511_091303\phase2\tad\V3_fp32_engine\cam_05\yolov8s\tad_cam_05_20260506_131002_Camera_5_2.6_20260506_131002_engine.csv
phase2,tad,,yolo11s,fp32_engine,cam_07,,3.56,338.75,65.364,0.303,0.8333,0.4444,23,138.34,101.4,9.9,,,Phase_3_Fusion_MultiCam\reports\campaign_zone1_20260511_091303\phase2\tad\V3_fp32_engine\cam_07\yolo11s\tad_cam_07_20260506_131002_Camera_7_2.11_20260506_131002_engine.csv
phase2,tad,,yolov8n,fp32_engine,cam_07,,8.74,166.592,36.844,0.3704,0.8333,0.5128,17,102.25,121.2,8.2,,,Phase_3_Fusion_MultiCam\reports\campaign_zone1_20260511_091303\phase2\tad\V3_fp32_engine\cam_07\yolov8n\tad_cam_07_20260506_131002_Camera_7_2.11_20260506_131002_engine.csv
phase2,tad,,yolov8s,fp32_engine,cam_07,,5.16,45.816,12.08,0.2308,0.75,0.3529,30,180.45,110.0,9.1,,,Phase_3_Fusion_MultiCam\reports\campaign_zone1_20260511_091303\phase2\tad\V3_fp32_engine\cam_07\yolov8s\tad_cam_07_20260506_131002_Camera_7_2.11_20260506_131002_engine.csv
phase2,tad,,rtdetr-l,pt,cam_02,,1.24,112.11,19.091,0.359,1.0,0.5283,25,150.37,25.2,39.7,,,Phase_3_Fusion_MultiCam\reports\campaign_zone1_20260511_091303\phase2\tad\V3_pt\cam_02\rtdetr-l\tad_cam_02_20260506_131002_Camera_2_2.3_20260506_131002_pt.csv
phase2,tad,,yolo11s,pt,cam_02,,5.36,86.82,22.593,0.25,0.7857,0.3793,33,198.49,59.0,16.9,,,Phase_3_Fusion_MultiCam\reports\campaign_zone1_20260511_091303\phase2\tad\V3_pt\cam_02\yolo11s\tad_cam_02_20260506_131002_Camera_2_2.3_20260506_131002_pt.csv
phase2,tad,,yolov8n,pt,cam_02,,3.52,218.664,47.143,0.28,0.5,0.359,18,108.27,72.4,13.8,,,Phase_3_Fusion_MultiCam\reports\campaign_zone1_20260511_091303\phase2\tad\V3_pt\cam_02\yolov8n\tad_cam_02_20260506_131002_Camera_2_2.3_20260506_131002_pt.csv
phase2,tad,,yolov8s,pt,cam_02,,5.74,136.482,37.264,0.3333,0.7143,0.4545,20,120.3,74.3,13.5,,,Phase_3_Fusion_MultiCam\reports\campaign_zone1_20260511_091303\phase2\tad\V3_pt\cam_02\yolov8s\tad_cam_02_20260506_131002_Camera_2_2.3_20260506_131002_pt.csv
phase2,tad,,rtdetr-l,pt,cam_03,,0.66,24.94,7.91,0.32,0.8889,0.4706,17,102.25,25.8,38.8,,,Phase_3_Fusion_MultiCam\reports\campaign_zone1_20260511_091303\phase2\tad\V3_pt\cam_03\rtdetr-l\tad_cam_03_20260506_131002_Camera_3_2.4_20260506_131002_pt.csv
phase2,tad,,yolo11s,pt,cam_03,,0.64,2.432,1.08,0.5,0.5556,0.5263,5,30.07,60.6,16.5,,,Phase_3_Fusion_MultiCam\reports\campaign_zone1_20260511_091303\phase2\tad\V3_pt\cam_03\yolo11s\tad_cam_03_20260506_131002_Camera_3_2.4_20260506_131002_pt.csv
phase2,tad,,yolov8n,pt,cam_03,,1.04,92.744,23.776,0.5,0.5556,0.5263,5,30.07,73.3,13.6,,,Phase_3_Fusion_MultiCam\reports\campaign_zone1_20260511_091303\phase2\tad\V3_pt\cam_03\yolov8n\tad_cam_03_20260506_131002_Camera_3_2.4_20260506_131002_pt.csv
phase2,tad,,yolov8s,pt,cam_03,,0.52,98.56,29.23,0.6667,0.4444,0.5333,2,12.03,74.7,13.4,,,Phase_3_Fusion_MultiCam\reports\campaign_zone1_20260511_091303\phase2\tad\V3_pt\cam_03\yolov8s\tad_cam_03_20260506_131002_Camera_3_2.4_20260506_131002_pt.csv
phase2,tad,,rtdetr-l,pt,cam_05,,1.24,92.896,19.789,0.2593,1.0,0.4118,40,240.59,25.5,39.2,,,Phase_3_Fusion_MultiCam\reports\campaign_zone1_20260511_091303\phase2\tad\V3_pt\cam_05\rtdetr-l\tad_cam_05_20260506_131002_Camera_5_2.6_20260506_131002_pt.csv
phase2,tad,,yolo11s,pt,cam_05,,1.56,45.62,9.625,0.3793,0.7857,0.5116,18,108.27,60.8,16.5,,,Phase_3_Fusion_MultiCam\reports\campaign_zone1_20260511_091303\phase2\tad\V3_pt\cam_05\yolo11s\tad_cam_05_20260506_131002_Camera_5_2.6_20260506_131002_pt.csv
phase2,tad,,yolov8n,pt,cam_05,,1.56,119.23,28.067,0.3871,0.8571,0.5333,19,114.28,72.2,13.9,,,Phase_3_Fusion_MultiCam\reports\campaign_zone1_20260511_091303\phase2\tad\V3_pt\cam_05\yolov8n\tad_cam_05_20260506_131002_Camera_5_2.6_20260506_131002_pt.csv
phase2,tad,,yolov8s,pt,cam_05,,2.38,78.338,17.373,0.5,0.8571,0.6316,12,72.18,74.7,13.4,,,Phase_3_Fusion_MultiCam\reports\campaign_zone1_20260511_091303\phase2\tad\V3_pt\cam_05\yolov8s\tad_cam_05_20260506_131002_Camera_5_2.6_20260506_131002_pt.csv
phase2,tad,,rtdetr-l,pt,cam_07,,1.06,10.67,2.92,0.5455,1.0,0.7059,10,60.15,25.3,39.6,,,Phase_3_Fusion_MultiCam\reports\campaign_zone1_20260511_091303\phase2\tad\V3_pt\cam_07\rtdetr-l\tad_cam_07_20260506_131002_Camera_7_2.11_20260506_131002_pt.csv
phase2,tad,,yolo11s,pt,cam_07,,5.76,361.44,75.164,0.4074,0.9167,0.5641,16,96.24,58.1,17.2,,,Phase_3_Fusion_MultiCam\reports\campaign_zone1_20260511_091303\phase2\tad\V3_pt\cam_07\yolo11s\tad_cam_07_20260506_131002_Camera_7_2.11_20260506_131002_pt.csv
phase2,tad,,yolov8n,pt,cam_07,,7.64,46.486,13.044,0.3571,0.8333,0.5,18,108.27,71.1,14.1,,,Phase_3_Fusion_MultiCam\reports\campaign_zone1_20260511_091303\phase2\tad\V3_pt\cam_07\yolov8n\tad_cam_07_20260506_131002_Camera_7_2.11_20260506_131002_pt.csv
phase2,tad,,yolov8s,pt,cam_07,,4.96,13.944,5.969,0.2571,0.75,0.383,26,156.39,73.9,13.5,,,Phase_3_Fusion_MultiCam\reports\campaign_zone1_20260511_091303\phase2\tad\V3_pt\cam_07\yolov8s\tad_cam_07_20260506_131002_Camera_7_2.11_20260506_131002_pt.csv
phase2,trd,,yolo11s,fp32_engine,cam_02,,,,,0.0,0.0,0.0,0,0.0,72.0,13.9,,,Phase_3_Fusion_MultiCam\reports\campaign_zone1_20260511_091303\phase2\trd\V2_fp32_engine\cam_02\yolo11s\trd_cam_02_20260506_131002_Camera_2_2.3_20260506_131002_engine.csv
phase2,trd,,yolov8n,fp32_engine,cam_02,,,,,0.0,0.0,0.0,0,0.0,115.6,8.7,,,Phase_3_Fusion_MultiCam\reports\campaign_zone1_20260511_091303\phase2\trd\V2_fp32_engine\cam_02\yolov8n\trd_cam_02_20260506_131002_Camera_2_2.3_20260506_131002_engine.csv
phase2,trd,,yolov8s,fp32_engine,cam_02,,,,,0.0,0.0,0.0,0,0.0,112.2,8.9,,,Phase_3_Fusion_MultiCam\reports\campaign_zone1_20260511_091303\phase2\trd\V2_fp32_engine\cam_02\yolov8s\trd_cam_02_20260506_131002_Camera_2_2.3_20260506_131002_engine.csv
phase2,trd,,yolo11s,fp32_engine,cam_03,,,,,0.0,0.0,0.0,0,0.0,78.8,12.7,,,Phase_3_Fusion_MultiCam\reports\campaign_zone1_20260511_091303\phase2\trd\V2_fp32_engine\cam_03\yolo11s\trd_cam_03_20260506_131002_Camera_3_2.4_20260506_131002_engine.csv
phase2,trd,,yolov8n,fp32_engine,cam_03,,,,,0.0,0.0,0.0,0,0.0,123.1,8.1,,,Phase_3_Fusion_MultiCam\reports\campaign_zone1_20260511_091303\phase2\trd\V2_fp32_engine\cam_03\yolov8n\trd_cam_03_20260506_131002_Camera_3_2.4_20260506_131002_engine.csv
phase2,trd,,yolov8s,fp32_engine,cam_03,,,,,0.0,0.0,0.0,0,0.0,114.1,8.8,,,Phase_3_Fusion_MultiCam\reports\campaign_zone1_20260511_091303\phase2\trd\V2_fp32_engine\cam_03\yolov8s\trd_cam_03_20260506_131002_Camera_3_2.4_20260506_131002_engine.csv
phase2,trd,,yolo11s,fp32_engine,cam_05,,,,,0.0,0.0,0.0,0,0.0,90.0,11.1,,,Phase_3_Fusion_MultiCam\reports\campaign_zone1_20260511_091303\phase2\trd\V2_fp32_engine\cam_05\yolo11s\trd_cam_05_20260506_131002_Camera_5_2.6_20260506_131002_engine.csv
phase2,trd,,yolov8n,fp32_engine,cam_05,,,,,0.0,0.0,0.0,0,0.0,110.8,9.0,,,Phase_3_Fusion_MultiCam\reports\campaign_zone1_20260511_091303\phase2\trd\V2_fp32_engine\cam_05\yolov8n\trd_cam_05_20260506_131002_Camera_5_2.6_20260506_131002_engine.csv
phase2,trd,,yolov8s,fp32_engine,cam_05,,,,,0.0,0.0,0.0,0,0.0,113.2,8.8,,,Phase_3_Fusion_MultiCam\reports\campaign_zone1_20260511_091303\phase2\trd\V2_fp32_engine\cam_05\yolov8s\trd_cam_05_20260506_131002_Camera_5_2.6_20260506_131002_engine.csv
phase2,trd,,yolo11s,fp32_engine,cam_07,,,,,0.0,0.0,0.0,0,0.0,67.4,14.8,,,Phase_3_Fusion_MultiCam\reports\campaign_zone1_20260511_091303\phase2\trd\V2_fp32_engine\cam_07\yolo11s\trd_cam_07_20260506_131002_Camera_7_2.11_20260506_131002_engine.csv
phase2,trd,,yolov8n,fp32_engine,cam_07,,,,,0.0,0.0,0.0,0,0.0,112.7,8.9,,,Phase_3_Fusion_MultiCam\reports\campaign_zone1_20260511_091303\phase2\trd\V2_fp32_engine\cam_07\yolov8n\trd_cam_07_20260506_131002_Camera_7_2.11_20260506_131002_engine.csv
phase2,trd,,yolov8s,fp32_engine,cam_07,,,,,0.0,0.0,0.0,0,0.0,110.6,9.0,,,Phase_3_Fusion_MultiCam\reports\campaign_zone1_20260511_091303\phase2\trd\V2_fp32_engine\cam_07\yolov8s\trd_cam_07_20260506_131002_Camera_7_2.11_20260506_131002_engine.csv
phase2,trd,,rtdetr-l,pt,cam_02,,,,,0.0,0.0,0.0,0,0.0,18.4,54.4,,,Phase_3_Fusion_MultiCam\reports\campaign_zone1_20260511_091303\phase2\trd\V2_pt\cam_02\rtdetr-l\trd_cam_02_20260506_131002_Camera_2_2.3_20260506_131002_pt.csv
phase2,trd,,yolo11s,pt,cam_02,,,,,0.0,0.0,0.0,0,0.0,16.5,60.6,,,Phase_3_Fusion_MultiCam\reports\campaign_zone1_20260511_091303\phase2\trd\V2_pt\cam_02\yolo11s\trd_cam_02_20260506_131002_Camera_2_2.3_20260506_131002_pt.csv
phase2,trd,,yolov8n,pt,cam_02,,,,,0.0,0.0,0.0,0,0.0,40.7,24.6,,,Phase_3_Fusion_MultiCam\reports\campaign_zone1_20260511_091303\phase2\trd\V2_pt\cam_02\yolov8n\trd_cam_02_20260506_131002_Camera_2_2.3_20260506_131002_pt.csv
phase2,trd,,yolov8s,pt,cam_02,,,,,0.0,0.0,0.0,0,0.0,67.1,14.9,,,Phase_3_Fusion_MultiCam\reports\campaign_zone1_20260511_091303\phase2\trd\V2_pt\cam_02\yolov8s\trd_cam_02_20260506_131002_Camera_2_2.3_20260506_131002_pt.csv
phase2,trd,,rtdetr-l,pt,cam_03,,,,,0.0,0.0,0.0,0,0.0,18.4,54.4,,,Phase_3_Fusion_MultiCam\reports\campaign_zone1_20260511_091303\phase2\trd\V2_pt\cam_03\rtdetr-l\trd_cam_03_20260506_131002_Camera_3_2.4_20260506_131002_pt.csv
phase2,trd,,yolo11s,pt,cam_03,,,,,0.0,0.0,0.0,0,0.0,34.1,29.3,,,Phase_3_Fusion_MultiCam\reports\campaign_zone1_20260511_091303\phase2\trd\V2_pt\cam_03\yolo11s\trd_cam_03_20260506_131002_Camera_3_2.4_20260506_131002_pt.csv
phase2,trd,,yolov8n,pt,cam_03,,,,,0.0,0.0,0.0,0,0.0,42.2,23.7,,,Phase_3_Fusion_MultiCam\reports\campaign_zone1_20260511_091303\phase2\trd\V2_pt\cam_03\yolov8n\trd_cam_03_20260506_131002_Camera_3_2.4_20260506_131002_pt.csv
phase2,trd,,yolov8s,pt,cam_03,,,,,0.0,0.0,0.0,0,0.0,68.0,14.7,,,Phase_3_Fusion_MultiCam\reports\campaign_zone1_20260511_091303\phase2\trd\V2_pt\cam_03\yolov8s\trd_cam_03_20260506_131002_Camera_3_2.4_20260506_131002_pt.csv
phase2,trd,,rtdetr-l,pt,cam_05,,,,,0.0,0.0,0.0,0,0.0,17.6,56.7,,,Phase_3_Fusion_MultiCam\reports\campaign_zone1_20260511_091303\phase2\trd\V2_pt\cam_05\rtdetr-l\trd_cam_05_20260506_131002_Camera_5_2.6_20260506_131002_pt.csv
phase2,trd,,yolo11s,pt,cam_05,,,,,0.0,0.0,0.0,0,0.0,34.0,29.4,,,Phase_3_Fusion_MultiCam\reports\campaign_zone1_20260511_091303\phase2\trd\V2_pt\cam_05\yolo11s\trd_cam_05_20260506_131002_Camera_5_2.6_20260506_131002_pt.csv
phase2,trd,,yolov8n,pt,cam_05,,,,,0.0,0.0,0.0,0,0.0,41.7,24.0,,,Phase_3_Fusion_MultiCam\reports\campaign_zone1_20260511_091303\phase2\trd\V2_pt\cam_05\yolov8n\trd_cam_05_20260506_131002_Camera_5_2.6_20260506_131002_pt.csv
phase2,trd,,yolov8s,pt,cam_05,,,,,0.0,0.0,0.0,0,0.0,69.4,14.4,,,Phase_3_Fusion_MultiCam\reports\campaign_zone1_20260511_091303\phase2\trd\V2_pt\cam_05\yolov8s\trd_cam_05_20260506_131002_Camera_5_2.6_20260506_131002_pt.csv
phase2,trd,,rtdetr-l,pt,cam_07,,-6.56,-3.644,-6.56,0.6667,0.2857,0.4,1,6.01,10.1,99.2,,,Phase_3_Fusion_MultiCam\reports\campaign_zone1_20260511_091303\phase2\trd\V2_pt\cam_07\rtdetr-l\trd_cam_07_20260506_131002_Camera_7_2.11_20260506_131002_pt.csv
phase2,trd,,yolo11s,pt,cam_07,,,,,0.0,0.0,0.0,0,0.0,34.4,29.1,,,Phase_3_Fusion_MultiCam\reports\campaign_zone1_20260511_091303\phase2\trd\V2_pt\cam_07\yolo11s\trd_cam_07_20260506_131002_Camera_7_2.11_20260506_131002_pt.csv
phase2,trd,,yolov8n,pt,cam_07,,,,,0.0,0.0,0.0,0,0.0,41.3,24.2,,,Phase_3_Fusion_MultiCam\reports\campaign_zone1_20260511_091303\phase2\trd\V2_pt\cam_07\yolov8n\trd_cam_07_20260506_131002_Camera_7_2.11_20260506_131002_pt.csv
phase2,trd,,yolov8s,pt,cam_07,,,,,0.0,0.0,0.0,0,0.0,68.4,14.6,,,Phase_3_Fusion_MultiCam\reports\campaign_zone1_20260511_091303\phase2\trd\V2_pt\cam_07\yolov8s\trd_cam_07_20260506_131002_Camera_7_2.11_20260506_131002_pt.csv
phase2,trd,,yolo11s,fp32_engine,cam_02,,0.24,2.064,0.384,0.625,0.8333,0.7143,3,18.04,103.1,9.7,,,Phase_3_Fusion_MultiCam\reports\campaign_zone1_20260511_091303\phase2\trd\V3_fp32_engine\cam_02\yolo11s\trd_cam_02_20260506_131002_Camera_2_2.3_20260506_131002_engine.csv
phase2,trd,,yolov8n,fp32_engine,cam_02,,0.18,1.65,-0.867,0.6667,1.0,0.8,3,18.04,119.1,8.4,,,Phase_3_Fusion_MultiCam\reports\campaign_zone1_20260511_091303\phase2\trd\V3_fp32_engine\cam_02\yolov8n\trd_cam_02_20260506_131002_Camera_2_2.3_20260506_131002_engine.csv
phase2,trd,,yolov8s,fp32_engine,cam_02,,1.04,2.188,1.03,0.6667,0.6667,0.6667,2,12.03,109.4,9.1,,,Phase_3_Fusion_MultiCam\reports\campaign_zone1_20260511_091303\phase2\trd\V3_fp32_engine\cam_02\yolov8s\trd_cam_02_20260506_131002_Camera_2_2.3_20260506_131002_engine.csv
phase2,trd,,yolo11s,fp32_engine,cam_03,,,,,0.0,0.0,0.0,0,0.0,109.6,9.1,,,Phase_3_Fusion_MultiCam\reports\campaign_zone1_20260511_091303\phase2\trd\V3_fp32_engine\cam_03\yolo11s\trd_cam_03_20260506_131002_Camera_3_2.4_20260506_131002_engine.csv
phase2,trd,,yolov8n,fp32_engine,cam_03,,-0.44,-0.188,-0.413,0.5,0.4286,0.4615,3,18.04,121.7,8.2,,,Phase_3_Fusion_MultiCam\reports\campaign_zone1_20260511_091303\phase2\trd\V3_fp32_engine\cam_03\yolov8n\trd_cam_03_20260506_131002_Camera_3_2.4_20260506_131002_engine.csv
phase2,trd,,yolov8s,fp32_engine,cam_03,,-0.2,-0.056,-0.2,0.6667,0.2857,0.4,1,6.01,113.0,8.8,,,Phase_3_Fusion_MultiCam\reports\campaign_zone1_20260511_091303\phase2\trd\V3_fp32_engine\cam_03\yolov8s\trd_cam_03_20260506_131002_Camera_3_2.4_20260506_131002_engine.csv
phase2,trd,,yolo11s,fp32_engine,cam_05,,-2.36,1.992,-2.528,0.4167,0.7143,0.5263,7,42.1,106.3,9.4,,,Phase_3_Fusion_MultiCam\reports\campaign_zone1_20260511_091303\phase2\trd\V3_fp32_engine\cam_05\yolo11s\trd_cam_05_20260506_131002_Camera_5_2.6_20260506_131002_engine.csv
phase2,trd,,yolov8n,fp32_engine,cam_05,,-2.04,2.048,-1.768,0.3846,0.7143,0.5,8,48.12,120.3,8.3,,,Phase_3_Fusion_MultiCam\reports\campaign_zone1_20260511_091303\phase2\trd\V3_fp32_engine\cam_05\yolov8n\trd_cam_05_20260506_131002_Camera_5_2.6_20260506_131002_engine.csv
phase2,trd,,yolov8s,fp32_engine,cam_05,,-2.24,2.008,-1.848,0.3846,0.7143,0.5,8,48.12,110.3,9.1,,,Phase_3_Fusion_MultiCam\reports\campaign_zone1_20260511_091303\phase2\trd\V3_fp32_engine\cam_05\yolov8s\trd_cam_05_20260506_131002_Camera_5_2.6_20260506_131002_engine.csv
phase2,trd,,yolo11s,fp32_engine,cam_07,,-0.44,7.63,0.467,0.3333,0.8571,0.48,12,72.18,99.6,10.0,,,Phase_3_Fusion_MultiCam\reports\campaign_zone1_20260511_091303\phase2\trd\V3_fp32_engine\cam_07\yolo11s\trd_cam_07_20260506_131002_Camera_7_2.11_20260506_131002_engine.csv
phase2,trd,,yolov8n,fp32_engine,cam_07,,0.62,7.58,1.567,0.375,0.8571,0.5217,10,60.15,117.8,8.5,,,Phase_3_Fusion_MultiCam\reports\campaign_zone1_20260511_091303\phase2\trd\V3_fp32_engine\cam_07\yolov8n\trd_cam_07_20260506_131002_Camera_7_2.11_20260506_131002_engine.csv
phase2,trd,,yolov8s,fp32_engine,cam_07,,4.56,8.988,4.34,0.3333,0.5714,0.4211,8,48.12,106.2,9.4,,,Phase_3_Fusion_MultiCam\reports\campaign_zone1_20260511_091303\phase2\trd\V3_fp32_engine\cam_07\yolov8s\trd_cam_07_20260506_131002_Camera_7_2.11_20260506_131002_engine.csv
phase2,trd,,rtdetr-l,pt,cam_02,,0.24,1.584,0.304,0.625,0.8333,0.7143,3,18.04,24.3,41.2,,,Phase_3_Fusion_MultiCam\reports\campaign_zone1_20260511_091303\phase2\trd\V3_pt\cam_02\rtdetr-l\trd_cam_02_20260506_131002_Camera_2_2.3_20260506_131002_pt.csv
phase2,trd,,yolo11s,pt,cam_02,,0.24,2.064,0.384,0.625,0.8333,0.7143,3,18.04,53.1,18.8,,,Phase_3_Fusion_MultiCam\reports\campaign_zone1_20260511_091303\phase2\trd\V3_pt\cam_02\yolo11s\trd_cam_02_20260506_131002_Camera_2_2.3_20260506_131002_pt.csv
phase2,trd,,yolov8n,pt,cam_02,,0.18,1.65,-1.067,0.6667,1.0,0.8,3,18.04,64.8,15.4,,,Phase_3_Fusion_MultiCam\reports\campaign_zone1_20260511_091303\phase2\trd\V3_pt\cam_02\yolov8n\trd_cam_02_20260506_131002_Camera_2_2.3_20260506_131002_pt.csv
phase2,trd,,yolov8s,pt,cam_02,,1.04,2.188,1.03,0.6667,0.6667,0.6667,2,12.03,68.1,14.7,,,Phase_3_Fusion_MultiCam\reports\campaign_zone1_20260511_091303\phase2\trd\V3_pt\cam_02\yolov8s\trd_cam_02_20260506_131002_Camera_2_2.3_20260506_131002_pt.csv
phase2,trd,,rtdetr-l,pt,cam_03,,-0.3,0.916,-0.06,0.4,0.5714,0.4706,6,36.09,23.9,41.9,,,Phase_3_Fusion_MultiCam\reports\campaign_zone1_20260511_091303\phase2\trd\V3_pt\cam_03\rtdetr-l\trd_cam_03_20260506_131002_Camera_3_2.4_20260506_131002_pt.csv
phase2,trd,,yolo11s,pt,cam_03,,,,,0.0,0.0,0.0,0,0.0,53.8,18.6,,,Phase_3_Fusion_MultiCam\reports\campaign_zone1_20260511_091303\phase2\trd\V3_pt\cam_03\yolo11s\trd_cam_03_20260506_131002_Camera_3_2.4_20260506_131002_pt.csv
phase2,trd,,yolov8n,pt,cam_03,,-0.14,-0.05,-0.14,0.6667,0.2857,0.4,1,6.01,65.4,15.3,,,Phase_3_Fusion_MultiCam\reports\campaign_zone1_20260511_091303\phase2\trd\V3_pt\cam_03\yolov8n\trd_cam_03_20260506_131002_Camera_3_2.4_20260506_131002_pt.csv
phase2,trd,,yolov8s,pt,cam_03,,-0.2,-0.056,-0.2,0.5,0.2857,0.3636,2,12.03,70.3,14.2,,,Phase_3_Fusion_MultiCam\reports\campaign_zone1_20260511_091303\phase2\trd\V3_pt\cam_03\yolov8s\trd_cam_03_20260506_131002_Camera_3_2.4_20260506_131002_pt.csv
phase2,trd,,rtdetr-l,pt,cam_05,,-3.96,1.752,-3.928,0.2778,0.7143,0.4,13,78.19,23.1,43.2,,,Phase_3_Fusion_MultiCam\reports\campaign_zone1_20260511_091303\phase2\trd\V3_pt\cam_05\rtdetr-l\trd_cam_05_20260506_131002_Camera_5_2.6_20260506_131002_pt.csv
phase2,trd,,yolo11s,pt,cam_05,,-1.84,2.048,-1.768,0.4167,0.7143,0.5263,7,42.1,53.8,18.6,,,Phase_3_Fusion_MultiCam\reports\campaign_zone1_20260511_091303\phase2\trd\V3_pt\cam_05\yolo11s\trd_cam_05_20260506_131002_Camera_5_2.6_20260506_131002_pt.csv
phase2,trd,,yolov8n,pt,cam_05,,-2.04,2.048,-1.128,0.4545,0.7143,0.5556,6,36.09,65.5,15.3,,,Phase_3_Fusion_MultiCam\reports\campaign_zone1_20260511_091303\phase2\trd\V3_pt\cam_05\yolov8n\trd_cam_05_20260506_131002_Camera_5_2.6_20260506_131002_pt.csv
phase2,trd,,yolov8s,pt,cam_05,,-2.24,2.048,-1.648,0.4167,0.7143,0.5263,7,42.1,68.7,14.6,,,Phase_3_Fusion_MultiCam\reports\campaign_zone1_20260511_091303\phase2\trd\V3_pt\cam_05\yolov8s\trd_cam_05_20260506_131002_Camera_5_2.6_20260506_131002_pt.csv
phase2,trd,,rtdetr-l,pt,cam_07,,0.84,7.936,0.544,0.2941,0.7143,0.4167,12,72.18,24.5,40.8,,,Phase_3_Fusion_MultiCam\reports\campaign_zone1_20260511_091303\phase2\trd\V3_pt\cam_07\rtdetr-l\trd_cam_07_20260506_131002_Camera_7_2.11_20260506_131002_pt.csv
phase2,trd,,yolo11s,pt,cam_07,,-0.04,7.63,0.633,0.3333,0.8571,0.48,12,72.18,50.6,19.8,,,Phase_3_Fusion_MultiCam\reports\campaign_zone1_20260511_091303\phase2\trd\V3_pt\cam_07\yolo11s\trd_cam_07_20260506_131002_Camera_7_2.11_20260506_131002_pt.csv
phase2,trd,,yolov8n,pt,cam_07,,0.22,7.73,1.667,0.4,0.8571,0.5455,9,54.13,64.6,15.5,,,Phase_3_Fusion_MultiCam\reports\campaign_zone1_20260511_091303\phase2\trd\V3_pt\cam_07\yolov8n\trd_cam_07_20260506_131002_Camera_7_2.11_20260506_131002_pt.csv
phase2,trd,,yolov8s,pt,cam_07,,2.84,8.708,3.693,0.3333,0.4286,0.375,6,36.09,67.6,14.8,,,Phase_3_Fusion_MultiCam\reports\campaign_zone1_20260511_091303\phase2\trd\V3_pt\cam_07\yolov8s\trd_cam_07_20260506_131002_Camera_7_2.11_20260506_131002_pt.csv
phase3,tad,V2,rtdetr-l,pt,cam_02,cam_02_20260506_131002,0.0,0.054,-0.091,0.0028,1.0,0.0056,5003,,,,,,Phase_3_Fusion_MultiCam\reports\campaign_zone1_20260511_091303\phase3\phase3_tad.csv
phase3,tad,V2,rtdetr-l,pt,cam_03,cam_03_20260506_131002,0.0,0.544,-0.507,0.0169,1.0,0.0331,525,,,,,,Phase_3_Fusion_MultiCam\reports\campaign_zone1_20260511_091303\phase3\phase3_tad.csv
phase3,tad,V2,rtdetr-l,pt,cam_05,cam_05_20260506_131002,0.0,0.414,0.06,0.0045,1.0,0.0089,3106,,,,,,Phase_3_Fusion_MultiCam\reports\campaign_zone1_20260511_091303\phase3\phase3_tad.csv
phase3,tad,V2,rtdetr-l,pt,cam_07,cam_07_20260506_131002,0.0,0.368,0.027,0.0018,1.0,0.0036,6727,,,,,,Phase_3_Fusion_MultiCam\reports\campaign_zone1_20260511_091303\phase3\phase3_tad.csv
phase3,tad,V2,yolo11n,fp32_engine,cam_02,cam_02_20260506_131002,-0.02,5.49,0.311,0.0029,1.0,0.0059,4736,,,,,,Phase_3_Fusion_MultiCam\reports\campaign_zone1_20260511_091303\phase3\phase3_tad.csv
phase3,tad,V2,yolo11n,fp32_engine,cam_03,cam_03_20260506_131002,0.0,6.016,0.893,0.0621,1.0,0.1169,136,,,,,,Phase_3_Fusion_MultiCam\reports\campaign_zone1_20260511_091303\phase3\phase3_tad.csv
phase3,tad,V2,yolo11n,fp32_engine,cam_05,cam_05_20260506_131002,0.0,0.288,-0.126,0.0021,0.9286,0.0041,6269,,,,,,Phase_3_Fusion_MultiCam\reports\campaign_zone1_20260511_091303\phase3\phase3_tad.csv
phase3,tad,V2,yolo11n,fp32_engine,cam_07,cam_07_20260506_131002,0.76,6.44,1.338,0.0479,0.75,0.09,179,,,,,,Phase_3_Fusion_MultiCam\reports\campaign_zone1_20260511_091303\phase3\phase3_tad.csv
phase3,tad,V2,yolo11n,pt,cam_02,cam_02_20260506_131002,-0.04,2.82,0.357,0.0043,1.0,0.0085,3252,,,,,,Phase_3_Fusion_MultiCam\reports\campaign_zone1_20260511_091303\phase3\phase3_tad.csv
phase3,tad,V2,yolo11n,pt,cam_03,cam_03_20260506_131002,-0.02,7.36,1.185,0.1429,0.8889,0.2462,48,,,,,,Phase_3_Fusion_MultiCam\reports\campaign_zone1_20260511_091303\phase3\phase3_tad.csv
phase3,tad,V2,yolo11n,pt,cam_05,cam_05_20260506_131002,-0.02,0.098,-0.293,0.0019,0.8571,0.0039,6146,,,,,,Phase_3_Fusion_MultiCam\reports\campaign_zone1_20260511_091303\phase3\phase3_tad.csv
phase3,tad,V2,yolo11n,pt,cam_07,cam_07_20260506_131002,0.68,6.712,1.436,0.0703,0.75,0.1286,119,,,,,,Phase_3_Fusion_MultiCam\reports\campaign_zone1_20260511_091303\phase3\phase3_tad.csv
phase3,tad,V2,yolo11s,fp32_engine,cam_02,cam_02_20260506_131002,0.12,4.968,0.951,0.002,0.9286,0.004,6406,,,,,,Phase_3_Fusion_MultiCam\reports\campaign_zone1_20260511_091303\phase3\phase3_tad.csv
phase3,tad,V2,yolo11s,fp32_engine,cam_03,cam_03_20260506_131002,0.28,6.588,1.04,0.0598,0.7778,0.1111,110,,,,,,Phase_3_Fusion_MultiCam\reports\campaign_zone1_20260511_091303\phase3\phase3_tad.csv
phase3,tad,V2,yolo11s,fp32_engine,cam_05,cam_05_20260506_131002,0.4,5.444,1.366,0.0048,1.0,0.0095,2907,,,,,,Phase_3_Fusion_MultiCam\reports\campaign_zone1_20260511_091303\phase3\phase3_tad.csv
phase3,tad,V2,yolo11s,fp32_engine,cam_07,cam_07_20260506_131002,1.16,8.988,2.373,0.0291,1.0,0.0565,401,,,,,,Phase_3_Fusion_MultiCam\reports\campaign_zone1_20260511_091303\phase3\phase3_tad.csv
phase3,tad,V2,yolo11s,pt,cam_02,cam_02_20260506_131002,0.08,1.992,0.254,0.0026,1.0,0.0051,5435,,,,,,Phase_3_Fusion_MultiCam\reports\campaign_zone1_20260511_091303\phase3\phase3_tad.csv
phase3,tad,V2,yolo11s,pt,cam_03,cam_03_20260506_131002,0.22,7.23,1.993,0.0606,0.6667,0.1111,93,,,,,,Phase_3_Fusion_MultiCam\reports\campaign_zone1_20260511_091303\phase3\phase3_tad.csv
phase3,tad,V2,yolo11s,pt,cam_05,cam_05_20260506_131002,0.16,5.288,0.974,0.0048,1.0,0.0095,2926,,,,,,Phase_3_Fusion_MultiCam\reports\campaign_zone1_20260511_091303\phase3\phase3_tad.csv
phase3,tad,V2,yolo11s,pt,cam_07,cam_07_20260506_131002,1.14,8.988,2.387,0.0232,1.0,0.0454,505,,,,,,Phase_3_Fusion_MultiCam\reports\campaign_zone1_20260511_091303\phase3\phase3_tad.csv
phase3,tad,V2,yolo26n,fp32_engine,cam_02,cam_02_20260506_131002,1.12,4.424,1.486,0.044,0.5,0.0809,152,,,,,,Phase_3_Fusion_MultiCam\reports\campaign_zone1_20260511_091303\phase3\phase3_tad.csv
phase3,tad,V2,yolo26n,fp32_engine,cam_03,cam_03_20260506_131002,1.44,2.524,1.64,0.2667,0.4444,0.3333,11,,,,,,Phase_3_Fusion_MultiCam\reports\campaign_zone1_20260511_091303\phase3\phase3_tad.csv
phase3,tad,V2,yolo26n,fp32_engine,cam_05,cam_05_20260506_131002,3.14,6.524,2.665,0.0104,0.5714,0.0205,759,,,,,,Phase_3_Fusion_MultiCam\reports\campaign_zone1_20260511_091303\phase3\phase3_tad.csv
phase3,tad,V2,yolo26n,fp32_engine,cam_07,cam_07_20260506_131002,2.48,5.144,2.217,0.1094,0.5833,0.1842,57,,,,,,Phase_3_Fusion_MultiCam\reports\campaign_zone1_20260511_091303\phase3\phase3_tad.csv
phase3,tad,V2,yolo26n,pt,cam_02,cam_02_20260506_131002,-0.8,2.678,-1.19,0.0036,0.5714,0.0072,2194,,,,,,Phase_3_Fusion_MultiCam\reports\campaign_zone1_20260511_091303\phase3\phase3_tad.csv
phase3,tad,V2,yolo26n,pt,cam_03,cam_03_20260506_131002,1.44,2.7,1.76,0.75,0.3333,0.4615,1,,,,,,Phase_3_Fusion_MultiCam\reports\campaign_zone1_20260511_091303\phase3\phase3_tad.csv
phase3,tad,V2,yolo26n,pt,cam_05,cam_05_20260506_131002,1.36,6.204,2.629,0.013,0.5,0.0254,531,,,,,,Phase_3_Fusion_MultiCam\reports\campaign_zone1_20260511_091303\phase3\phase3_tad.csv
phase3,tad,V2,yolo26n,pt,cam_07,cam_07_20260506_131002,5.28,5.28,5.28,0.0323,0.0833,0.0465,30,,,,,,Phase_3_Fusion_MultiCam\reports\campaign_zone1_20260511_091303\phase3\phase3_tad.csv
phase3,tad,V2,yolov8n,fp32_engine,cam_02,cam_02_20260506_131002,0.0,2.82,0.546,0.0019,1.0,0.0037,7526,,,,,,Phase_3_Fusion_MultiCam\reports\campaign_zone1_20260511_091303\phase3\phase3_tad.csv
phase3,tad,V2,yolov8n,fp32_engine,cam_03,cam_03_20260506_131002,0.18,6.378,0.85,0.1039,0.8889,0.186,69,,,,,,Phase_3_Fusion_MultiCam\reports\campaign_zone1_20260511_091303\phase3\phase3_tad.csv
phase3,tad,V2,yolov8n,fp32_engine,cam_05,cam_05_20260506_131002,0.02,2.828,0.497,0.0074,0.8571,0.0147,1604,,,,,,Phase_3_Fusion_MultiCam\reports\campaign_zone1_20260511_091303\phase3\phase3_tad.csv
phase3,tad,V2,yolov8n,fp32_engine,cam_07,cam_07_20260506_131002,0.6,7.924,1.752,0.0135,0.8333,0.0266,731,,,,,,Phase_3_Fusion_MultiCam\reports\campaign_zone1_20260511_091303\phase3\phase3_tad.csv
phase3,tad,V2,yolov8n,pt,cam_02,cam_02_20260506_131002,0.0,0.832,0.137,0.0021,1.0,0.0042,6589,,,,,,Phase_3_Fusion_MultiCam\reports\campaign_zone1_20260511_091303\phase3\phase3_tad.csv
phase3,tad,V2,yolov8n,pt,cam_03,cam_03_20260506_131002,0.88,7.956,2.72,0.1176,0.4444,0.186,30,,,,,,Phase_3_Fusion_MultiCam\reports\campaign_zone1_20260511_091303\phase3\phase3_tad.csv
phase3,tad,V2,yolov8n,pt,cam_05,cam_05_20260506_131002,0.06,2.234,0.4,0.0047,0.8571,0.0093,2554,,,,,,Phase_3_Fusion_MultiCam\reports\campaign_zone1_20260511_091303\phase3\phase3_tad.csv
phase3,tad,V2,yolov8n,pt,cam_07,cam_07_20260506_131002,0.78,8.578,2.393,0.0214,1.0,0.0418,550,,,,,,Phase_3_Fusion_MultiCam\reports\campaign_zone1_20260511_091303\phase3\phase3_tad.csv
phase3,tad,V2,yolov8s,fp32_engine,cam_02,cam_02_20260506_131002,-0.02,2.004,0.243,0.0169,1.0,0.0333,813,,,,,,Phase_3_Fusion_MultiCam\reports\campaign_zone1_20260511_091303\phase3\phase3_tad.csv
phase3,tad,V2,yolov8s,fp32_engine,cam_03,cam_03_20260506_131002,0.24,7.382,1.67,0.0597,0.8889,0.1119,126,,,,,,Phase_3_Fusion_MultiCam\reports\campaign_zone1_20260511_091303\phase3\phase3_tad.csv
phase3,tad,V2,yolov8s,fp32_engine,cam_05,cam_05_20260506_131002,0.16,1.28,0.215,0.0276,0.7857,0.0534,387,,,,,,Phase_3_Fusion_MultiCam\reports\campaign_zone1_20260511_091303\phase3\phase3_tad.csv
phase3,tad,V2,yolov8s,fp32_engine,cam_07,cam_07_20260506_131002,0.8,7.886,1.727,0.0313,1.0,0.0608,371,,,,,,Phase_3_Fusion_MultiCam\reports\campaign_zone1_20260511_091303\phase3\phase3_tad.csv
phase3,tad,V2,yolov8s,pt,cam_02,cam_02_20260506_131002,-0.02,2.004,0.183,0.0163,1.0,0.032,847,,,,,,Phase_3_Fusion_MultiCam\reports\campaign_zone1_20260511_091303\phase3\phase3_tad.csv
phase3,tad,V2,yolov8s,pt,cam_03,cam_03_20260506_131002,0.0,6.704,1.389,0.0854,0.7778,0.1538,75,,,,,,Phase_3_Fusion_MultiCam\reports\campaign_zone1_20260511_091303\phase3\phase3_tad.csv
phase3,tad,V2,yolov8s,pt,cam_05,cam_05_20260506_131002,0.0,1.3,0.153,0.0294,0.7857,0.0567,363,,,,,,Phase_3_Fusion_MultiCam\reports\campaign_zone1_20260511_091303\phase3\phase3_tad.csv
phase3,tad,V2,yolov8s,pt,cam_07,cam_07_20260506_131002,1.24,7.16,2.077,0.026,1.0,0.0507,449,,,,,,Phase_3_Fusion_MultiCam\reports\campaign_zone1_20260511_091303\phase3\phase3_tad.csv
phase3,tad,V3,rtdetr-l,pt,cam_02,cam_02_20260506_131002,0.0,0.136,-0.043,0.0018,1.0,0.0035,7935,,,,,,Phase_3_Fusion_MultiCam\reports\campaign_zone1_20260511_091303\phase3\phase3_tad.csv
phase3,tad,V3,rtdetr-l,pt,cam_03,cam_03_20260506_131002,0.0,5.232,0.876,0.0209,1.0,0.0409,422,,,,,,Phase_3_Fusion_MultiCam\reports\campaign_zone1_20260511_091303\phase3\phase3_tad.csv
phase3,tad,V3,rtdetr-l,pt,cam_05,cam_05_20260506_131002,0.0,0.28,-0.0,0.0043,1.0,0.0086,3229,,,,,,Phase_3_Fusion_MultiCam\reports\campaign_zone1_20260511_091303\phase3\phase3_tad.csv
phase3,tad,V3,rtdetr-l,pt,cam_07,cam_07_20260506_131002,0.0,0.268,0.04,0.0017,1.0,0.0034,7107,,,,,,Phase_3_Fusion_MultiCam\reports\campaign_zone1_20260511_091303\phase3\phase3_tad.csv
phase3,tad,V3,yolo11s,fp32_engine,cam_02,cam_02_20260506_131002,-0.02,1.21,-0.026,0.0115,1.0,0.0228,1199,,,,,,Phase_3_Fusion_MultiCam\reports\campaign_zone1_20260511_091303\phase3\phase3_tad.csv
phase3,tad,V3,yolo11s,fp32_engine,cam_03,cam_03_20260506_131002,0.18,6.434,0.885,0.0833,0.8889,0.1524,88,,,,,,Phase_3_Fusion_MultiCam\reports\campaign_zone1_20260511_091303\phase3\phase3_tad.csv
phase3,tad,V3,yolo11s,fp32_engine,cam_05,cam_05_20260506_131002,0.04,3.488,0.785,0.0277,0.9286,0.0538,456,,,,,,Phase_3_Fusion_MultiCam\reports\campaign_zone1_20260511_091303\phase3\phase3_tad.csv
phase3,tad,V3,yolo11s,fp32_engine,cam_07,cam_07_20260506_131002,0.1,4.956,1.123,0.0042,1.0,0.0083,2853,,,,,,Phase_3_Fusion_MultiCam\reports\campaign_zone1_20260511_091303\phase3\phase3_tad.csv
phase3,tad,V3,yolo11s,pt,cam_02,cam_02_20260506_131002,0.0,4.274,0.474,0.0153,1.0,0.0301,902,,,,,,Phase_3_Fusion_MultiCam\reports\campaign_zone1_20260511_091303\phase3\phase3_tad.csv
phase3,tad,V3,yolo11s,pt,cam_03,cam_03_20260506_131002,0.2,6.168,0.875,0.0684,0.8889,0.127,109,,,,,,Phase_3_Fusion_MultiCam\reports\campaign_zone1_20260511_091303\phase3\phase3_tad.csv
phase3,tad,V3,yolo11s,pt,cam_05,cam_05_20260506_131002,0.06,1.292,0.086,0.0045,1.0,0.0089,3120,,,,,,Phase_3_Fusion_MultiCam\reports\campaign_zone1_20260511_091303\phase3\phase3_tad.csv
phase3,tad,V3,yolo11s,pt,cam_07,cam_07_20260506_131002,0.04,5.152,0.893,0.0024,1.0,0.0047,5062,,,,,,Phase_3_Fusion_MultiCam\reports\campaign_zone1_20260511_091303\phase3\phase3_tad.csv
phase3,tad,V3,yolov8n,fp32_engine,cam_02,cam_02_20260506_131002,0.18,3.76,0.929,0.0289,1.0,0.0561,471,,,,,,Phase_3_Fusion_MultiCam\reports\campaign_zone1_20260511_091303\phase3\phase3_tad.csv
phase3,tad,V3,yolov8n,fp32_engine,cam_03,cam_03_20260506_131002,0.56,6.76,1.623,0.2333,0.7778,0.359,23,,,,,,Phase_3_Fusion_MultiCam\reports\campaign_zone1_20260511_091303\phase3\phase3_tad.csv
phase3,tad,V3,yolov8n,fp32_engine,cam_05,cam_05_20260506_131002,0.16,1.536,0.194,0.0291,0.9286,0.0564,434,,,,,,Phase_3_Fusion_MultiCam\reports\campaign_zone1_20260511_091303\phase3\phase3_tad.csv
phase3,tad,V3,yolov8n,fp32_engine,cam_07,cam_07_20260506_131002,0.0,1.54,0.36,0.0046,0.9167,0.0091,2390,,,,,,Phase_3_Fusion_MultiCam\reports\campaign_zone1_20260511_091303\phase3\phase3_tad.csv
phase3,tad,V3,yolov8n,pt,cam_02,cam_02_20260506_131002,0.0,1.976,0.391,0.0245,0.9286,0.0478,517,,,,,,Phase_3_Fusion_MultiCam\reports\campaign_zone1_20260511_091303\phase3\phase3_tad.csv
phase3,tad,V3,yolov8n,pt,cam_03,cam_03_20260506_131002,0.2,6.544,1.055,0.1026,0.8889,0.1839,70,,,,,,Phase_3_Fusion_MultiCam\reports\campaign_zone1_20260511_091303\phase3\phase3_tad.csv
phase3,tad,V3,yolov8n,pt,cam_05,cam_05_20260506_131002,0.04,2.928,-0.308,0.0301,0.9286,0.0583,419,,,,,,Phase_3_Fusion_MultiCam\reports\campaign_zone1_20260511_091303\phase3\phase3_tad.csv
phase3,tad,V3,yolov8n,pt,cam_07,cam_07_20260506_131002,0.48,3.046,0.833,0.0183,1.0,0.0359,645,,,,,,Phase_3_Fusion_MultiCam\reports\campaign_zone1_20260511_091303\phase3\phase3_tad.csv
phase3,tad,V3,yolov8s,fp32_engine,cam_02,cam_02_20260506_131002,0.3,5.646,1.387,0.0142,0.8571,0.0279,833,,,,,,Phase_3_Fusion_MultiCam\reports\campaign_zone1_20260511_091303\phase3\phase3_tad.csv
phase3,tad,V3,yolov8s,fp32_engine,cam_03,cam_03_20260506_131002,0.56,6.812,1.634,0.14,0.7778,0.2373,43,,,,,,Phase_3_Fusion_MultiCam\reports\campaign_zone1_20260511_091303\phase3\phase3_tad.csv
phase3,tad,V3,yolov8s,fp32_engine,cam_05,cam_05_20260506_131002,0.08,5.296,0.705,0.0108,0.9286,0.0213,1195,,,,,,Phase_3_Fusion_MultiCam\reports\campaign_zone1_20260511_091303\phase3\phase3_tad.csv
phase3,tad,V3,yolov8s,fp32_engine,cam_07,cam_07_20260506_131002,0.06,3.872,0.727,0.0023,1.0,0.0046,5183,,,,,,Phase_3_Fusion_MultiCam\reports\campaign_zone1_20260511_091303\phase3\phase3_tad.csv
phase3,tad,V3,yolov8s,pt,cam_02,cam_02_20260506_131002,0.0,2.608,0.289,0.0161,0.9286,0.0316,795,,,,,,Phase_3_Fusion_MultiCam\reports\campaign_zone1_20260511_091303\phase3\phase3_tad.csv
phase3,tad,V3,yolov8s,pt,cam_03,cam_03_20260506_131002,0.0,6.336,-0.2,0.0811,1.0,0.15,102,,,,,,Phase_3_Fusion_MultiCam\reports\campaign_zone1_20260511_091303\phase3\phase3_tad.csv
phase3,tad,V3,yolov8s,pt,cam_05,cam_05_20260506_131002,0.0,1.314,-0.01,0.0243,0.8571,0.0473,481,,,,,,Phase_3_Fusion_MultiCam\reports\campaign_zone1_20260511_091303\phase3\phase3_tad.csv
phase3,tad,V3,yolov8s,pt,cam_07,cam_07_20260506_131002,0.0,0.232,-0.227,0.0024,1.0,0.0049,4922,,,,,,Phase_3_Fusion_MultiCam\reports\campaign_zone1_20260511_091303\phase3\phase3_tad.csv
phase3,trd,V2,rtdetr-l,pt,cam_02,cam_02_20260506_131002,5.26,6.214,5.26,0.3333,0.3333,0.3333,4,,,,,,Phase_3_Fusion_MultiCam\reports\campaign_zone1_20260511_091303\phase3\phase3_trd.csv
phase3,trd,V2,rtdetr-l,pt,cam_03,cam_03_20260506_131002,-0.24,1.592,-0.046,0.5,1.0,0.6667,7,,,,,,Phase_3_Fusion_MultiCam\reports\campaign_zone1_20260511_091303\phase3\phase3_trd.csv
phase3,trd,V2,rtdetr-l,pt,cam_05,cam_05_20260506_131002,-0.9,-0.63,-0.9,0.5,0.2857,0.3636,2,,,,,,Phase_3_Fusion_MultiCam\reports\campaign_zone1_20260511_091303\phase3\phase3_trd.csv
phase3,trd,V2,rtdetr-l,pt,cam_07,cam_07_20260506_131002,6.32,8.084,6.32,1.0,0.2857,0.4444,0,,,,,,Phase_3_Fusion_MultiCam\reports\campaign_zone1_20260511_091303\phase3\phase3_trd.csv
phase3,trd,V2,yolo11n,fp32_engine,cam_02,cam_02_20260506_131002,,,,0.0,0.0,0.0,5,,,,,,Phase_3_Fusion_MultiCam\reports\campaign_zone1_20260511_091303\phase3\phase3_trd.csv
phase3,trd,V2,yolo11n,fp32_engine,cam_03,cam_03_20260506_131002,0.36,2.84,0.6,0.75,0.8571,0.8,2,,,,,,Phase_3_Fusion_MultiCam\reports\campaign_zone1_20260511_091303\phase3\phase3_trd.csv
phase3,trd,V2,yolo11n,fp32_engine,cam_05,cam_05_20260506_131002,-0.6,0.84,-0.4,0.75,0.4286,0.5455,1,,,,,,Phase_3_Fusion_MultiCam\reports\campaign_zone1_20260511_091303\phase3\phase3_trd.csv
phase3,trd,V2,yolo11n,fp32_engine,cam_07,cam_07_20260506_131002,1.34,4.058,1.34,1.0,0.2857,0.4444,0,,,,,,Phase_3_Fusion_MultiCam\reports\campaign_zone1_20260511_091303\phase3\phase3_trd.csv
phase3,trd,V2,yolo11n,pt,cam_02,cam_02_20260506_131002,4.48,4.48,4.48,0.2,0.1667,0.1818,4,,,,,,Phase_3_Fusion_MultiCam\reports\campaign_zone1_20260511_091303\phase3\phase3_trd.csv
phase3,trd,V2,yolo11n,pt,cam_03,cam_03_20260506_131002,-0.18,1.97,0.053,0.6667,0.8571,0.75,3,,,,,,Phase_3_Fusion_MultiCam\reports\campaign_zone1_20260511_091303\phase3\phase3_trd.csv
phase3,trd,V2,yolo11n,pt,cam_05,cam_05_20260506_131002,-0.4,0.86,-0.333,0.75,0.4286,0.5455,1,,,,,,Phase_3_Fusion_MultiCam\reports\campaign_zone1_20260511_091303\phase3\phase3_trd.csv
phase3,trd,V2,yolo11n,pt,cam_07,cam_07_20260506_131002,-4.4,-4.4,-4.4,0.5,0.1429,0.2222,1,,,,,,Phase_3_Fusion_MultiCam\reports\campaign_zone1_20260511_091303\phase3\phase3_trd.csv
phase3,trd,V2,yolo11s,fp32_engine,cam_02,cam_02_20260506_131002,4.08,4.08,4.08,0.3333,0.1667,0.2222,2,,,,,,Phase_3_Fusion_MultiCam\reports\campaign_zone1_20260511_091303\phase3\phase3_trd.csv
phase3,trd,V2,yolo11s,fp32_engine,cam_03,cam_03_20260506_131002,0.38,0.742,0.28,0.6667,0.5714,0.6154,2,,,,,,Phase_3_Fusion_MultiCam\reports\campaign_zone1_20260511_091303\phase3\phase3_trd.csv
phase3,trd,V2,yolo11s,fp32_engine,cam_05,cam_05_20260506_131002,-0.6,-0.528,-0.787,0.4286,0.4286,0.4286,4,,,,,,Phase_3_Fusion_MultiCam\reports\campaign_zone1_20260511_091303\phase3\phase3_trd.csv
phase3,trd,V2,yolo11s,fp32_engine,cam_07,cam_07_20260506_131002,1.34,4.058,1.34,1.0,0.2857,0.4444,0,,,,,,Phase_3_Fusion_MultiCam\reports\campaign_zone1_20260511_091303\phase3\phase3_trd.csv
phase3,trd,V2,yolo11s,pt,cam_02,cam_02_20260506_131002,,,,0.0,0.0,0.0,3,,,,,,Phase_3_Fusion_MultiCam\reports\campaign_zone1_20260511_091303\phase3\phase3_trd.csv
phase3,trd,V2,yolo11s,pt,cam_03,cam_03_20260506_131002,-0.12,0.562,-0.06,0.5,0.5714,0.5333,4,,,,,,Phase_3_Fusion_MultiCam\reports\campaign_zone1_20260511_091303\phase3\phase3_trd.csv
phase3,trd,V2,yolo11s,pt,cam_05,cam_05_20260506_131002,-0.76,-0.616,-0.867,0.6,0.4286,0.5,2,,,,,,Phase_3_Fusion_MultiCam\reports\campaign_zone1_20260511_091303\phase3\phase3_trd.csv
phase3,trd,V2,yolo11s,pt,cam_07,cam_07_20260506_131002,1.34,4.058,1.34,1.0,0.2857,0.4444,0,,,,,,Phase_3_Fusion_MultiCam\reports\campaign_zone1_20260511_091303\phase3\phase3_trd.csv
phase3,trd,V2,yolo26n,fp32_engine,cam_02,cam_02_20260506_131002,-0.56,-0.56,-0.56,0.2,0.1667,0.1818,4,,,,,,Phase_3_Fusion_MultiCam\reports\campaign_zone1_20260511_091303\phase3\phase3_trd.csv
phase3,trd,V2,yolo26n,fp32_engine,cam_03,cam_03_20260506_131002,-0.4,0.068,-0.24,1.0,0.4286,0.6,0,,,,,,Phase_3_Fusion_MultiCam\reports\campaign_zone1_20260511_091303\phase3\phase3_trd.csv
phase3,trd,V2,yolo26n,fp32_engine,cam_05,cam_05_20260506_131002,-0.68,-0.158,-0.77,0.6667,0.5714,0.6154,2,,,,,,Phase_3_Fusion_MultiCam\reports\campaign_zone1_20260511_091303\phase3\phase3_trd.csv
phase3,trd,V2,yolo26n,fp32_engine,cam_07,cam_07_20260506_131002,1.3,4.054,1.3,1.0,0.2857,0.4444,0,,,,,,Phase_3_Fusion_MultiCam\reports\campaign_zone1_20260511_091303\phase3\phase3_trd.csv
phase3,trd,V2,yolo26n,pt,cam_02,cam_02_20260506_131002,1.82,3.962,1.82,0.6667,0.3333,0.4444,1,,,,,,Phase_3_Fusion_MultiCam\reports\campaign_zone1_20260511_091303\phase3\phase3_trd.csv
phase3,trd,V2,yolo26n,pt,cam_03,cam_03_20260506_131002,0.16,2.628,0.623,0.4375,1.0,0.6087,9,,,,,,Phase_3_Fusion_MultiCam\reports\campaign_zone1_20260511_091303\phase3\phase3_trd.csv
phase3,trd,V2,yolo26n,pt,cam_05,cam_05_20260506_131002,-0.86,-0.626,-0.86,0.5,0.2857,0.3636,2,,,,,,Phase_3_Fusion_MultiCam\reports\campaign_zone1_20260511_091303\phase3\phase3_trd.csv
phase3,trd,V2,yolo26n,pt,cam_07,cam_07_20260506_131002,1.36,4.06,1.36,0.5,0.2857,0.3636,2,,,,,,Phase_3_Fusion_MultiCam\reports\campaign_zone1_20260511_091303\phase3\phase3_trd.csv
phase3,trd,V2,yolov8n,fp32_engine,cam_02,cam_02_20260506_131002,1.82,3.962,1.82,0.3333,0.3333,0.3333,4,,,,,,Phase_3_Fusion_MultiCam\reports\campaign_zone1_20260511_091303\phase3\phase3_trd.csv
phase3,trd,V2,yolov8n,fp32_engine,cam_03,cam_03_20260506_131002,0.08,0.44,0.053,0.6,0.4286,0.5,2,,,,,,Phase_3_Fusion_MultiCam\reports\campaign_zone1_20260511_091303\phase3\phase3_trd.csv
phase3,trd,V2,yolov8n,fp32_engine,cam_05,cam_05_20260506_131002,-0.92,0.726,-0.68,0.5714,0.5714,0.5714,3,,,,,,Phase_3_Fusion_MultiCam\reports\campaign_zone1_20260511_091303\phase3\phase3_trd.csv
phase3,trd,V2,yolov8n,fp32_engine,cam_07,cam_07_20260506_131002,1.3,4.054,1.3,1.0,0.2857,0.4444,0,,,,,,Phase_3_Fusion_MultiCam\reports\campaign_zone1_20260511_091303\phase3\phase3_trd.csv
phase3,trd,V2,yolov8n,pt,cam_02,cam_02_20260506_131002,,,,0.0,0.0,0.0,5,,,,,,Phase_3_Fusion_MultiCam\reports\campaign_zone1_20260511_091303\phase3\phase3_trd.csv
phase3,trd,V2,yolov8n,pt,cam_03,cam_03_20260506_131002,-0.2,0.66,-0.153,0.6667,0.8571,0.75,3,,,,,,Phase_3_Fusion_MultiCam\reports\campaign_zone1_20260511_091303\phase3\phase3_trd.csv
phase3,trd,V2,yolov8n,pt,cam_05,cam_05_20260506_131002,-0.6,0.84,-0.267,0.5,0.4286,0.4615,3,,,,,,Phase_3_Fusion_MultiCam\reports\campaign_zone1_20260511_091303\phase3\phase3_trd.csv
phase3,trd,V2,yolov8n,pt,cam_07,cam_07_20260506_131002,4.36,4.36,4.36,1.0,0.1429,0.25,0,,,,,,Phase_3_Fusion_MultiCam\reports\campaign_zone1_20260511_091303\phase3\phase3_trd.csv
phase3,trd,V2,yolov8s,fp32_engine,cam_02,cam_02_20260506_131002,4.16,4.268,0.507,0.5,0.5,0.5,3,,,,,,Phase_3_Fusion_MultiCam\reports\campaign_zone1_20260511_091303\phase3\phase3_trd.csv
phase3,trd,V2,yolov8s,fp32_engine,cam_03,cam_03_20260506_131002,-0.14,1.916,0.32,0.8,0.5714,0.6667,1,,,,,,Phase_3_Fusion_MultiCam\reports\campaign_zone1_20260511_091303\phase3\phase3_trd.csv
phase3,trd,V2,yolov8s,fp32_engine,cam_05,cam_05_20260506_131002,-0.68,-0.284,-0.853,0.6,0.4286,0.5,2,,,,,,Phase_3_Fusion_MultiCam\reports\campaign_zone1_20260511_091303\phase3\phase3_trd.csv
phase3,trd,V2,yolov8s,fp32_engine,cam_07,cam_07_20260506_131002,0.9,3.222,0.9,0.6667,0.2857,0.4,1,,,,,,Phase_3_Fusion_MultiCam\reports\campaign_zone1_20260511_091303\phase3\phase3_trd.csv
phase3,trd,V2,yolov8s,pt,cam_02,cam_02_20260506_131002,-1.38,3.606,-1.38,0.5,0.3333,0.4,2,,,,,,Phase_3_Fusion_MultiCam\reports\campaign_zone1_20260511_091303\phase3\phase3_trd.csv
phase3,trd,V2,yolov8s,pt,cam_03,cam_03_20260506_131002,0.04,0.656,-0.126,0.6364,1.0,0.7778,4,,,,,,Phase_3_Fusion_MultiCam\reports\campaign_zone1_20260511_091303\phase3\phase3_trd.csv
phase3,trd,V2,yolov8s,pt,cam_05,cam_05_20260506_131002,-1.64,-1.64,-1.64,0.5,0.1429,0.2222,1,,,,,,Phase_3_Fusion_MultiCam\reports\campaign_zone1_20260511_091303\phase3\phase3_trd.csv
phase3,trd,V2,yolov8s,pt,cam_07,cam_07_20260506_131002,4.36,4.36,4.36,1.0,0.1429,0.25,0,,,,,,Phase_3_Fusion_MultiCam\reports\campaign_zone1_20260511_091303\phase3\phase3_trd.csv
phase3,trd,V3,rtdetr-l,pt,cam_02,cam_02_20260506_131002,,,,0.0,0.0,0.0,2,,,,,,Phase_3_Fusion_MultiCam\reports\campaign_zone1_20260511_091303\phase3\phase3_trd.csv
phase3,trd,V3,rtdetr-l,pt,cam_03,cam_03_20260506_131002,-0.04,0.722,0.08,0.5,0.5714,0.5333,4,,,,,,Phase_3_Fusion_MultiCam\reports\campaign_zone1_20260511_091303\phase3\phase3_trd.csv
phase3,trd,V3,rtdetr-l,pt,cam_05,cam_05_20260506_131002,-0.78,0.794,-0.41,0.5714,0.5714,0.5714,3,,,,,,Phase_3_Fusion_MultiCam\reports\campaign_zone1_20260511_091303\phase3\phase3_trd.csv
phase3,trd,V3,rtdetr-l,pt,cam_07,cam_07_20260506_131002,1.34,4.058,1.34,1.0,0.2857,0.4444,0,,,,,,Phase_3_Fusion_MultiCam\reports\campaign_zone1_20260511_091303\phase3\phase3_trd.csv
phase3,trd,V3,yolo11s,fp32_engine,cam_02,cam_02_20260506_131002,-0.92,-0.92,-0.92,0.25,0.1667,0.2,3,,,,,,Phase_3_Fusion_MultiCam\reports\campaign_zone1_20260511_091303\phase3\phase3_trd.csv
phase3,trd,V3,yolo11s,fp32_engine,cam_03,cam_03_20260506_131002,0.44,0.908,0.56,0.75,0.4286,0.5455,1,,,,,,Phase_3_Fusion_MultiCam\reports\campaign_zone1_20260511_091303\phase3\phase3_trd.csv
phase3,trd,V3,yolo11s,fp32_engine,cam_05,cam_05_20260506_131002,-0.92,0.832,-0.6,0.625,0.7143,0.6667,3,,,,,,Phase_3_Fusion_MultiCam\reports\campaign_zone1_20260511_091303\phase3\phase3_trd.csv
phase3,trd,V3,yolo11s,fp32_engine,cam_07,cam_07_20260506_131002,1.34,4.022,1.34,1.0,0.2857,0.4444,0,,,,,,Phase_3_Fusion_MultiCam\reports\campaign_zone1_20260511_091303\phase3\phase3_trd.csv
phase3,trd,V3,yolo11s,pt,cam_02,cam_02_20260506_131002,2.16,4.342,2.03,0.5,0.6667,0.5714,4,,,,,,Phase_3_Fusion_MultiCam\reports\campaign_zone1_20260511_091303\phase3\phase3_trd.csv
phase3,trd,V3,yolo11s,pt,cam_03,cam_03_20260506_131002,0.16,0.268,0.16,0.375,0.4286,0.4,5,,,,,,Phase_3_Fusion_MultiCam\reports\campaign_zone1_20260511_091303\phase3\phase3_trd.csv
phase3,trd,V3,yolo11s,pt,cam_05,cam_05_20260506_131002,-0.14,0.922,-0.14,0.4,0.2857,0.3333,3,,,,,,Phase_3_Fusion_MultiCam\reports\campaign_zone1_20260511_091303\phase3\phase3_trd.csv
phase3,trd,V3,yolo11s,pt,cam_07,cam_07_20260506_131002,1.34,4.058,1.34,1.0,0.2857,0.4444,0,,,,,,Phase_3_Fusion_MultiCam\reports\campaign_zone1_20260511_091303\phase3\phase3_trd.csv
phase3,trd,V3,yolov8n,fp32_engine,cam_02,cam_02_20260506_131002,0.36,1.404,0.453,0.3,0.5,0.375,7,,,,,,Phase_3_Fusion_MultiCam\reports\campaign_zone1_20260511_091303\phase3\phase3_trd.csv
phase3,trd,V3,yolov8n,fp32_engine,cam_03,cam_03_20260506_131002,0.1,0.8,0.26,0.4444,0.5714,0.5,5,,,,,,Phase_3_Fusion_MultiCam\reports\campaign_zone1_20260511_091303\phase3\phase3_trd.csv
phase3,trd,V3,yolov8n,fp32_engine,cam_05,cam_05_20260506_131002,-0.6,0.912,-0.24,0.6,0.4286,0.5,2,,,,,,Phase_3_Fusion_MultiCam\reports\campaign_zone1_20260511_091303\phase3\phase3_trd.csv
phase3,trd,V3,yolov8n,fp32_engine,cam_07,cam_07_20260506_131002,0.52,3.92,-0.416,0.7143,0.7143,0.7143,2,,,,,,Phase_3_Fusion_MultiCam\reports\campaign_zone1_20260511_091303\phase3\phase3_trd.csv
phase3,trd,V3,yolov8n,pt,cam_02,cam_02_20260506_131002,1.7,3.662,1.7,0.4,0.3333,0.3636,3,,,,,,Phase_3_Fusion_MultiCam\reports\campaign_zone1_20260511_091303\phase3\phase3_trd.csv
phase3,trd,V3,yolov8n,pt,cam_03,cam_03_20260506_131002,0.48,3.164,1.05,0.4444,0.5714,0.5,5,,,,,,Phase_3_Fusion_MultiCam\reports\campaign_zone1_20260511_091303\phase3\phase3_trd.csv
phase3,trd,V3,yolov8n,pt,cam_05,cam_05_20260506_131002,-0.02,0.624,-0.13,0.4444,0.5714,0.5,5,,,,,,Phase_3_Fusion_MultiCam\reports\campaign_zone1_20260511_091303\phase3\phase3_trd.csv
phase3,trd,V3,yolov8n,pt,cam_07,cam_07_20260506_131002,0.88,4.014,1.11,0.8,0.5714,0.6667,1,,,,,,Phase_3_Fusion_MultiCam\reports\campaign_zone1_20260511_091303\phase3\phase3_trd.csv
phase3,trd,V3,yolov8s,fp32_engine,cam_02,cam_02_20260506_131002,-0.24,1.704,0.453,0.375,0.5,0.4286,5,,,,,,Phase_3_Fusion_MultiCam\reports\campaign_zone1_20260511_091303\phase3\phase3_trd.csv
phase3,trd,V3,yolov8s,fp32_engine,cam_03,cam_03_20260506_131002,0.14,2.12,-0.987,0.5455,0.8571,0.6667,5,,,,,,Phase_3_Fusion_MultiCam\reports\campaign_zone1_20260511_091303\phase3\phase3_trd.csv
phase3,trd,V3,yolov8s,fp32_engine,cam_05,cam_05_20260506_131002,-0.16,0.956,-0.24,0.75,0.4286,0.5455,1,,,,,,Phase_3_Fusion_MultiCam\reports\campaign_zone1_20260511_091303\phase3\phase3_trd.csv
phase3,trd,V3,yolov8s,fp32_engine,cam_07,cam_07_20260506_131002,0.28,3.916,1.2,0.75,0.4286,0.5455,1,,,,,,Phase_3_Fusion_MultiCam\reports\campaign_zone1_20260511_091303\phase3\phase3_trd.csv
phase3,trd,V3,yolov8s,pt,cam_02,cam_02_20260506_131002,-0.36,2.772,-1.22,0.4,0.6667,0.5,6,,,,,,Phase_3_Fusion_MultiCam\reports\campaign_zone1_20260511_091303\phase3\phase3_trd.csv
phase3,trd,V3,yolov8s,pt,cam_03,cam_03_20260506_131002,0.12,0.776,0.112,0.5,0.7143,0.5882,5,,,,,,Phase_3_Fusion_MultiCam\reports\campaign_zone1_20260511_091303\phase3\phase3_trd.csv
phase3,trd,V3,yolov8s,pt,cam_05,cam_05_20260506_131002,0.08,1.816,0.272,0.5,0.7143,0.5882,5,,,,,,Phase_3_Fusion_MultiCam\reports\campaign_zone1_20260511_091303\phase3\phase3_trd.csv
phase3,trd,V3,yolov8s,pt,cam_07,cam_07_20260506_131002,4.32,4.32,4.32,1.0,0.1429,0.25,0,,,,,,Phase_3_Fusion_MultiCam\reports\campaign_zone1_20260511_091303\phase3\phase3_trd.csv
